01.01.2015;58,325
02.01.2015;58,75
05.01.2015;60,832
06.01.2015;63,16
07.01.2015;62,65
08.01.2015;60,25
09.01.2015;61,43
12.01.2015;63,185
13.01.2015;65,185
14.01.2015;64,055
15.01.2015;64,68
16.01.2015;65,26
19.01.2015;64,8067
20.01.2015;64,97
21.01.2015;65,27
22.01.2015;64,305
23.01.2015;64,01
26.01.2015;67,81
27.01.2015;67,955
28.01.2015;67,79
29.01.2015;68,735
30.01.2015;70,035
31.01.2015;69,25207
02.02.2015;68,35
03.02.2015;65,085
04.02.2015;67,765
05.02.2015;66,3725
06.02.2015;66,99
09.02.2015;65,685
10.02.2015;65,315
11.02.2015;65,03
12.02.2015;65,25
13.02.2015;63,33
15.02.2015;63,49206
16.02.2015;63,085
17.02.2015;63,725
18.02.2015;61,64
19.02.2015;61,875
20.02.2015;61,66
23.02.2015;63,57
24.02.2015;62,735
25.02.2015;61,47
26.02.2015;61,135
27.02.2015;61,16
02.03.2015;62,67
03.03.2015;61,845
04.03.2015;61,83
05.03.2015;60,92
06.03.2015;60,38
09.03.2015;60,77
10.03.2015;62,045
11.03.2015;62,36
12.03.2015;61,26
13.03.2015;62,195
14.03.2015;62,2665
15.03.2015;62,345
16.03.2015;62,25
17.03.2015;61,4167
18.03.2015;59,345
19.03.2015;60,035
20.03.2015;59,235
23.03.2015;58,705
24.03.2015;57,74
25.03.2015;57,4025
26.03.2015;57,31
27.03.2015;57,895
30.03.2015;57,525
31.03.2015;58,152
01.04.2015;57,553
02.04.2015;56,551
03.04.2015;56,691
06.04.2015;55,449
07.04.2015;54,92
08.04.2015;53,645
09.04.2015;51,983
10.04.2015;53,315
12.04.2015;52,2395
13.04.2015;52,0827
14.04.2015;50,99
15.04.2015;49,797
16.04.2015;49,764
17.04.2015;51,989
19.04.2015;51,985
20.04.2015;53,37
21.04.2015;53,577
22.04.2015;51,8
23.04.2015;50,81
24.04.2015;50,859
26.04.2015;50,91649
27.04.2015;51,903
28.04.2015;51,1
29.04.2015;50,9897
30.04.2015;51,585
01.05.2015;51,3702
04.05.2015;51,9686
05.05.2015;50,553
06.05.2015;50,8987
07.05.2015;50,259
08.05.2015;50,919
11.05.2015;51,1534
12.05.2015;49,989
13.05.2015;49,309
14.05.2015;50,057
15.05.2015;49,4265
18.05.2015;49,076
19.05.2015;49,5035
20.05.2015;49,514
21.05.2015;49,91
22.05.2015;49,965
25.05.2015;49,953
26.05.2015;50,889
27.05.2015;51,98
28.05.2015;52,53
29.05.2015;52,316
01.06.2015;53,543
02.06.2015;52,7057
03.06.2015;54,257
04.06.2015;56,354
05.06.2015;56,2397
08.06.2015;55,94
09.06.2015;55,5435
10.06.2015;54,3
11.06.2015;54,6837
12.06.2015;55,0105
15.06.2015;54,5055
16.06.2015;53,661
17.06.2015;53,67
18.06.2015;53,24
19.06.2015;54,04
22.06.2015;53,92
23.06.2015;53,77
24.06.2015;54,49
25.06.2015;54,678
26.06.2015;54,8105
29.06.2015;55,6507
30.06.2015;55,2147
01.07.2015;55,8042
02.07.2015;55,488
03.07.2015;55,9555
06.07.2015;56,8535
07.07.2015;56,625
08.07.2015;57,47
09.07.2015;57,2195
10.07.2015;56,26
13.07.2015;56,5107
14.07.2015;56,43
15.07.2015;56,86
16.07.2015;56,905
17.07.2015;56,94
19.07.2015;56,9476
20.07.2015;56,932
21.07.2015;56,92
22.07.2015;57,14
23.07.2015;57,8307
24.07.2015;58,346
27.07.2015;59,573
28.07.2015;59,9035
29.07.2015;58,52
30.07.2015;59,6755
31.07.2015;61,6307
03.08.2015;63,5
04.08.2015;63,11
05.08.2015;63,383
06.08.2015;64,48
07.08.2015;63,989
10.08.2015;62,89
11.08.2015;64,122
12.08.2015;64,1212
13.08.2015;64,522
14.08.2015;64,9067
17.08.2015;65,3882
18.08.2015;65,785
19.08.2015;66,5357
20.08.2015;68,13
21.08.2015;69,1075
24.08.2015;70,7515
25.08.2015;69,3092
26.08.2015;68,905
27.08.2015;66,069
28.08.2015;65,295
31.08.2015;64,2807
01.09.2015;66,4827
02.09.2015;66,7717
03.09.2015;67,1407
04.09.2015;68,3925
07.09.2015;69,149
08.09.2015;67,8612
09.09.2015;68,4065
10.09.2015;67,6845
11.09.2015;67,7632
14.09.2015;67,54
15.09.2015;66,7825
16.09.2015;65,2577
17.09.2015;65,3975
18.09.2015;66,44
21.09.2015;66,041
22.09.2015;65,82
23.09.2015;66,02
24.09.2015;66,08
25.09.2015;65,445
28.09.2015;66,0592
29.09.2015;65,71
30.09.2015;65,3875
01.10.2015;65,6257
02.10.2015;65,992
05.10.2015;64,7722
06.10.2015;63,3915
07.10.2015;62,25
08.10.2015;61,3075
09.10.2015;61,6625
11.10.2015;61,80469
12.10.2015;62,2192
13.10.2015;63,0025
14.10.2015;62,5825
15.10.2015;61,358
16.10.2015;61,1875
19.10.2015;62,38
20.10.2015;62,0452
21.10.2015;62,95
22.10.2015;62,5075
23.10.2015;62,3217
26.10.2015;62,95
27.10.2015;65,42
28.10.2015;63,935
29.10.2015;64,19
30.10.2015;63,985
02.11.2015;63,605
03.11.2015;62,63
04.11.2015;63,085
05.11.2015;62,25
06.11.2015;64,405
09.11.2015;64,595
10.11.2015;64,415
11.11.2015;65,365
12.11.2015;66,4535
13.11.2015;66,82
16.11.2015;65,0875
17.11.2015;64,9175
18.11.2015;64,845
19.11.2015;64,545
20.11.2015;64,62
23.11.2015;66,06
24.11.2015;65,445
25.11.2015;65,555
26.11.2015;65,56
27.11.2015;66,42
30.11.2015;66,41
01.12.2015;66,64
02.12.2015;67,4
03.12.2015;67,5825
04.12.2015;68,07
07.12.2015;69,37
08.12.2015;69,3
09.12.2015;69,32
10.12.2015;66,1715
11.12.2015;70,21
14.12.2015;70,54
15.12.2015;70,4885
16.12.2015;70
17.12.2015;70,915
18.12.2015;70,925
21.12.2015;70,84
22.12.2015;71,3
23.12.2015;69,515
24.12.2015;70,245
25.12.2015;70,22471
28.12.2015;72,185
29.12.2015;72,1975
30.12.2015;73,23
31.12.2015;73,4
01.01.2016;73,15288
04.01.2016;73,1225
05.01.2016;74,46
06.01.2016;74,595
07.01.2016;74,795
08.01.2016;74,79431
11.01.2016;76,002
12.01.2016;76,525
13.01.2016;76,213
14.01.2016;76,293
15.01.2016;77,707
18.01.2016;79,36
19.01.2016;78,6125
20.01.2016;81,82
21.01.2016;82,9
22.01.2016;78,37
23.01.2016;78,18608
25.01.2016;79,84
26.01.2016;78,23
27.01.2016;77,849
28.01.2016;76,55
29.01.2016;75,44
01.02.2016;77,26
02.02.2016;79,715
03.02.2016;76,93
04.02.2016;76,77
05.02.2016;77,25
06.02.2016;77,51937
08.02.2016;78,94
09.02.2016;79,59
10.02.2016;78,37
11.02.2016;79,7675
12.02.2016;78,31
15.02.2016;77,5
16.02.2016;77,81
17.02.2016;74,86
18.02.2016;76,35
19.02.2016;77,37
20.02.2016;77,0416
22.02.2016;75,27
23.02.2016;76,1
24.02.2016;75,735
25.02.2016;75,18
26.02.2016;76,34
29.02.2016;74,405
01.03.2016;73,28
02.03.2016;73,35
03.03.2016;73,09
04.03.2016;71,87
07.03.2016;71,47962
08.03.2016;73,04601
09.03.2016;70,982
10.03.2016;71,148
11.03.2016;69,905
14.03.2016;70,26
15.03.2016;71,09
16.03.2016;69,835
17.03.2016;68,12
18.03.2016;68,33
19.03.2016;68,49315
21.03.2016;67,86
22.03.2016;67,25
23.03.2016;68,715
24.03.2016;68,58
25.03.2016;68,24
28.03.2016;68,41
29.03.2016;68,065
30.03.2016;67,68
31.03.2016;67
01.04.2016;67,5
02.04.2016;67,65899
03.04.2016;67,65899
04.04.2016;68,65
05.04.2016;68,75
06.04.2016;67,85
07.04.2016;68,03
08.04.2016;67,075
09.04.2016;67,15916
10.04.2016;67,15916
11.04.2016;66,75
12.04.2016;65,185
13.04.2016;65,99
14.04.2016;65,93
15.04.2016;66,5
18.04.2016;66,45
19.04.2016;65,88
20.04.2016;65,675
21.04.2016;66,66
22.04.2016;66,76
25.04.2016;66,56
26.04.2016;65,765
27.04.2016;65,11
28.04.2016;64,56
29.04.2016;65,6775
30.04.2016;64,68305
02.05.2016;64,93506
03.05.2016;66,35
04.05.2016;66,584
05.05.2016;65,974
06.05.2016;65,862
09.05.2016;66,29
10.05.2016;66,096
11.05.2016;65,045
12.05.2016;64,83
13.05.2016;65,482
16.05.2016;64,884
17.05.2016;64,719
18.05.2016;65,745
19.05.2016;66,72
20.05.2016;66,845
22.05.2016;66,71114
23.05.2016;66,787
24.05.2016;66,41
25.05.2016;65,425
26.05.2016;65,825
27.05.2016;66,15
29.05.2016;65,83278
30.05.2016;65,669
31.05.2016;66,827
01.06.2016;66,91
02.06.2016;67,06
03.06.2016;65,654
06.06.2016;65,24
07.06.2016;64,62
08.06.2016;63,7189
09.06.2016;64,196
10.06.2016;65,302
13.06.2016;65,685
14.06.2016;66,06
15.06.2016;65,253
16.06.2016;65,575
17.06.2016;64,75
19.06.2016;64,76683
20.06.2016;64,265
21.06.2016;63,936
22.06.2016;64,769
23.06.2016;63,765
24.06.2016;65,2875
27.06.2016;65,4
28.06.2016;64,04
29.06.2016;63,815
30.06.2016;63,96
01.07.2016;63,79
02.07.2016;63,8162
04.07.2016;63,83
05.07.2016;64,435
06.07.2016;64,265
07.07.2016;64,679
08.07.2016;63,835
09.07.2016;63,85696
11.07.2016;64,18
12.07.2016;63,8
13.07.2016;63,85
14.07.2016;62,8875
15.07.2016;63,34
16.07.2016;63,49206
18.07.2016;62,812
19.07.2016;63,628
20.07.2016;63,8
21.07.2016;64,368
22.07.2016;64,815
25.07.2016;65,436
26.07.2016;65,8
27.07.2016;65,7975
28.07.2016;66,583
29.07.2016;65,9875
30.07.2016;65,96306
01.08.2016;66,93
02.08.2016;66,71
03.08.2016;66,2
04.08.2016;65,71
05.08.2016;65,547
08.08.2016;64,6
09.08.2016;64,76
10.08.2016;64,9
11.08.2016;64,35
12.08.2016;64,827
14.08.2016;64,3608
15.08.2016;64,0077
16.08.2016;63,8349
17.08.2016;63,8392
18.08.2016;63,6411
19.08.2016;63,78
21.08.2016;63,75
22.08.2016;64,7715
23.08.2016;64,5924
24.08.2016;65,0858
25.08.2016;64,8088
26.08.2016;64,6382
27.08.2016;64,72491
28.08.2016;64,7126
29.08.2016;64,6186
30.08.2016;65,3097
31.08.2016;65,2807
01.09.2016;65,854
02.09.2016;65,2623
03.09.2016;65,1138
04.09.2016;65,1981
05.09.2016;64,83
06.09.2016;64,4267
07.09.2016;64,1852
08.09.2016;63,9916
09.09.2016;64,7267
10.09.2016;64,7529
11.09.2016;64,5505
12.09.2016;64,6942
13.09.2016;65,3651
14.09.2016;65,1444
15.09.2016;64,4829
16.09.2016;65,4105
17.09.2016;65,18904
18.09.2016;65,0415
19.09.2016;64,5901
20.09.2016;64,7215
21.09.2016;63,8912
22.09.2016;63,6366
23.09.2016;64,0433
24.09.2016;64,4251
25.09.2016;64,0267
26.09.2016;63,8541
27.09.2016;63,8855
28.09.2016;63,0652
29.09.2016;63,08
30.09.2016;62,835
01.10.2016;62,895
02.10.2016;62,8719
03.10.2016;62,2881
04.10.2016;62,6875
05.10.2016;62,2741
06.10.2016;62,1016
07.10.2016;62,2058
09.10.2016;62,0804
10.10.2016;62,0213
11.10.2016;62,6621
12.10.2016;63,5031
13.10.2016;63,0096
14.10.2016;62,7767
15.10.2016;62,7767
16.10.2016;62,7767
17.10.2016;63,0664
18.10.2016;62,7318
19.10.2016;62,2586
20.10.2016;62,3758
21.10.2016;62,3164
22.10.2016;62,285
23.10.2016;62,285
24.10.2016;62,1869
25.10.2016;62,412
26.10.2016;62,7704
27.10.2016;62,6782
28.10.2016;62,9755
29.10.2016;62,9755
30.10.2016;63,0419
31.10.2016;63,2682
01.11.2016;63,3239
02.11.2016;63,5366
03.11.2016;63,5614
04.11.2016;64,3601
05.11.2016;64,3601
06.11.2016;64,3601
07.11.2016;63,5979
08.11.2016;63,7424
09.11.2016;63,5986
10.11.2016;65,5576
11.11.2016;65,7533
12.11.2016;65,70302
13.11.2016;65,70302
14.11.2016;66,147
15.11.2016;64,4554
16.11.2016;64,4749
17.11.2016;64,8331
18.11.2016;64,8578
19.11.2016;64,72491
20.11.2016;64,8578
21.11.2016;63,9522
22.11.2016;63,7113
23.11.2016;64,2978
24.11.2016;64,4997
25.11.2016;64,89
26.11.2016;64,93506
27.11.2016;64,8812
28.11.2016;64,7829
29.11.2016;65,135
30.11.2016;64,0713
01.12.2016;63,9
02.12.2016;63,8151
04.12.2016;63,8151
05.12.2016;63,7815
06.12.2016;63,8123
07.12.2016;63,2661
08.12.2016;63,2618
09.12.2016;62,4803
10.12.2016;62,46096
11.12.2016;62,4803
12.12.2016;60,965
13.12.2016;60,5275
14.12.2016;61,86
15.12.2016;61,75
16.12.2016;62,1162
17.12.2016;62,1162
18.12.2016;62,1162
19.12.2016;61,9
20.12.2016;61,3987
21.12.2016;61,14
22.12.2016;60,9669
23.12.2016;61,0225
24.12.2016;61,0225
25.12.2016;61,0225
26.12.2016;60,9314
27.12.2016;60,605
28.12.2016;60,4763
29.12.2016;60,3413
30.12.2016;61,2313
31.12.2016;61,2313
01.01.2017;61,2313
02.01.2017;61,2283
03.01.2017;60,923
04.01.2017;60,365
05.01.2017;59,4012
06.01.2017;59,565
07.01.2017;59,565
08.01.2017;59,565
09.01.2017;60,1025
10.01.2017;60,14
11.01.2017;59,7781
12.01.2017;59,4325
13.01.2017;59,56
14.01.2017;59,56
15.01.2017;59,637
16.01.2017;59,782
17.01.2017;59,33
18.01.2017;59,5232
19.01.2017;59,66
20.01.2017;59,5907
21.01.2017;59,5431
22.01.2017;59,7998
23.01.2017;59,5101
24.01.2017;59,1398
25.01.2017;59,5668
26.01.2017;60,2793
27.01.2017;59,8105
28.01.2017;59,8444
29.01.2017;59,7775
30.01.2017;59,7183
31.01.2017;60,1555
01.02.2017;60,0914
02.02.2017;59,3662
03.02.2017;58,9714
04.02.2017;59,03187
05.02.2017;58,9461
06.02.2017;58,9001
07.02.2017;59,4426
08.02.2017;59,1731
09.02.2017;58,9612
10.02.2017;58,1981
11.02.2017;58,30903
12.02.2017;58,2223
13.02.2017;57,9256
14.02.2017;57,0397
15.02.2017;57,3305
16.02.2017;57,5665
17.02.2017;58,3365
18.02.2017;58,44535
19.02.2017;58,317
20.02.2017;57,9107
21.02.2017;57,3942
22.02.2017;57,9195
23.02.2017;57,7343
24.02.2017;58,4137
25.02.2017;58,4524
26.02.2017;58,3631
27.02.2017;58,1835
28.02.2017;58,3521
01.03.2017;58,2363
02.03.2017;58,7198
03.03.2017;58,2041
04.03.2017;58,24111
05.03.2017;58,187
06.03.2017;58,2333
07.03.2017;58,1365
08.03.2017;58,8725
09.03.2017;59,2569
10.03.2017;58,9869
12.03.2017;59,0682
13.03.2017;58,7744
14.03.2017;59,186
15.03.2017;58,3808
16.03.2017;57,7702
17.03.2017;57,1844
18.03.2017;57,1844
19.03.2017;57,1541
20.03.2017;57,3036
21.03.2017;57,5905
22.03.2017;57,7324
23.03.2017;57,3545
24.03.2017;56,9138
25.03.2017;56,9138
26.03.2017;56,9686
27.03.2017;56,8784
28.03.2017;56,9679
29.03.2017;56,6513
30.03.2017;55,9843
31.03.2017;56,211
02.04.2017;56,2346
03.04.2017;56,0848
04.04.2017;55,9498
05.04.2017;56,4143
06.04.2017;56,3985
07.04.2017;57,2238
08.04.2017;57,27376
09.04.2017;57,376
10.04.2017;57,1045
11.04.2017;57,0281
12.04.2017;56,6216
13.04.2017;56,2589
14.04.2017;56,2966
15.04.2017;56,301
16.04.2017;56,3029
17.04.2017;55,8824
18.04.2017;56,1965
19.04.2017;56,5679
20.04.2017;56,1094
21.04.2017;56,4265
23.04.2017;56,4265
24.04.2017;55,7799
25.04.2017;56,06
26.04.2017;57,097
27.04.2017;56,972
28.04.2017;56,9133
29.04.2017;56,98005
30.04.2017;56,932
01.05.2017;56,9738
02.05.2017;57,0547
03.05.2017;57,3254
04.05.2017;58,36
05.05.2017;58,0249
07.05.2017;58,047
08.05.2017;58,205
09.05.2017;58,419
10.05.2017;57,4396
11.05.2017;57,0704
12.05.2017;57,0684
14.05.2017;57,0818
15.05.2017;56,3335
16.05.2017;56,427
17.05.2017;57,0713
18.05.2017;57,5258
19.05.2017;56,89
20.05.2017;56,98005
21.05.2017;56,927
22.05.2017;56,6003
23.05.2017;56,3037
24.05.2017;56,3459
25.05.2017;56,8014
26.05.2017;56,4785
27.05.2017;56,4815
28.05.2017;56,4815
29.05.2017;56,4622
30.05.2017;56,5308
31.05.2017;56,7104
01.06.2017;56,3793
02.06.2017;56,5971
03.06.2017;56,598
04.06.2017;56,6061
05.06.2017;56,5811
06.06.2017;56,4853
07.06.2017;57,0413
08.06.2017;56,8733
09.06.2017;57,0077
10.06.2017;56,9961
11.06.2017;57,0124
12.06.2017;57,0001
13.06.2017;56,8777
14.06.2017;57,426
15.06.2017;57,8
16.06.2017;57,7094
17.06.2017;57,7094
18.06.2017;57,7094
19.06.2017;58,4211
20.06.2017;59,56
21.06.2017;60,24
22.06.2017;59,8435
23.06.2017;59,4178
24.06.2017;59,45303
25.06.2017;59,4234
26.06.2017;58,8942
27.06.2017;59,3515
28.06.2017;59,2167
29.06.2017;59,42
30.06.2017;58,8672
01.07.2017;58,87
02.07.2017;58,8806
03.07.2017;59,2349
04.07.2017;59,3585
05.07.2017;60,1785
06.07.2017;60,1
07.07.2017;60,35
08.07.2017;60,35003
09.07.2017;60,3479
10.07.2017;60,26
11.07.2017;60,76
12.07.2017;59,9
13.07.2017;59,7484
14.07.2017;59,02
16.07.2017;59,0615
17.07.2017;59,29
18.07.2017;59,0799
19.07.2017;58,9471
20.07.2017;58,89
21.07.2017;59,2275
22.07.2017;59,2275
23.07.2017;59,2275
24.07.2017;59,97
25.07.2017;59,9525
26.07.2017;59,5409
27.07.2017;59,372
28.07.2017;59,4792
29.07.2017;59,4784
30.07.2017;59,4792
31.07.2017;59,73
01.08.2017;60,1744
02.08.2017;60,49
03.08.2017;60,2955
04.08.2017;59,9354
06.08.2017;59,9355
07.08.2017;59,9553
08.08.2017;59,7892
09.08.2017;60,0706
10.08.2017;59,9893
11.08.2017;59,7912
12.08.2017;59,7912
13.08.2017;59,7893
14.08.2017;59,8111
15.08.2017;59,751
16.08.2017;59,4112
17.08.2017;59,0398
18.08.2017;59,0367
19.08.2017;59,0367
20.08.2017;58,895
21.08.2017;59,0726
22.08.2017;58,977
23.08.2017;58,9726
24.08.2017;59,1305
25.08.2017;58,58
26.08.2017;58,58
27.08.2017;58,5633
28.08.2017;58,43
29.08.2017;58,7628
30.08.2017;58,4551
31.08.2017;57,9767
01.09.2017;57,4655
02.09.2017;57,4655
03.09.2017;57,4655
04.09.2017;57,738
05.09.2017;57,5516
06.09.2017;57,341
07.09.2017;56,9118
08.09.2017;57,2904
09.09.2017;57,2916
10.09.2017;57,3173
11.09.2017;57,2156
12.09.2017;57,6278
13.09.2017;57,9077
14.09.2017;57,5295
15.09.2017;57,565
17.09.2017;57,6726
18.09.2017;58,0711
19.09.2017;58,0803
20.09.2017;58,1147
21.09.2017;57,8635
22.09.2017;57,4985
24.09.2017;57,5969
25.09.2017;57,5538
26.09.2017;57,8589
27.09.2017;58,169
28.09.2017;57,8898
29.09.2017;57,513
01.10.2017;57,5211
02.10.2017;57,8769
03.10.2017;57,9098
04.10.2017;57,646
05.10.2017;57,7072
06.10.2017;58,1233
07.10.2017;58,1108
08.10.2017;58,176
09.10.2017;58,2517
10.10.2017;57,9383
11.10.2017;57,8011
12.10.2017;57,6374
13.10.2017;57,238
14.10.2017;57,14
15.10.2017;57,204
16.10.2017;57,1941
17.10.2017;57,2749
18.10.2017;57,3753
19.10.2017;57,2382
20.10.2017;57,4486
21.10.2017;57,4475
22.10.2017;57,5448
23.10.2017;57,4884
24.10.2017;57,6152
25.10.2017;57,7153
26.10.2017;57,8409
27.10.2017;57,9934
29.10.2017;58,0964
30.10.2017;57,9002
31.10.2017;58,2297
01.11.2017;58,2098
02.11.2017;58,2616
03.11.2017;59,0777
04.11.2017;59,02
05.11.2017;58,9333
06.11.2017;58,2559
07.11.2017;59,3409
08.11.2017;59,111
09.11.2017;59,31
10.11.2017;59,13
11.11.2017;59,20663
12.11.2017;59,1999
13.11.2017;59,3676
14.11.2017;60,3109
15.11.2017;60,1706
16.11.2017;59,6644
17.11.2017;58,9286
18.11.2017;59,10165
19.11.2017;59,099
20.11.2017;59,3687
21.11.2017;59,1057
22.11.2017;58,3809
23.11.2017;58,4206
24.11.2017;58,2239
25.11.2017;58,3577
26.11.2017;58,375
27.11.2017;58,4349
28.11.2017;58,3832
29.11.2017;58,5967
30.11.2017;58,4478
01.12.2017;58,8541
02.12.2017;58,89281
03.12.2017;58,8017
04.12.2017;58,771
05.12.2017;58,7634
06.12.2017;59,1553
07.12.2017;59,1968
08.12.2017;59,2368
09.12.2017;59,0928
10.12.2017;59,0798
11.12.2017;58,9129
12.12.2017;59,1843
13.12.2017;58,5502
14.12.2017;58,8115
15.12.2017;58,8019
17.12.2017;58,595
18.12.2017;58,6399
19.12.2017;58,7437
20.12.2017;58,6977
21.12.2017;58,4103
22.12.2017;58,2827
23.12.2017;58,3038
24.12.2017;58,2855
25.12.2017;58,0377
26.12.2017;57,6372
27.12.2017;57,7417
28.12.2017;57,5689
29.12.2017;57,6433
30.12.2017;57,627
31.12.2017;57,6048
01.01.2018;57,583
02.01.2018;57,528
03.01.2018;57,1193
04.01.2018;56,9723
05.01.2018;56,8355
07.01.2018;56,989
08.01.2018;57,0909
09.01.2018;56,8599
10.01.2018;57,0209
11.01.2018;56,5032
12.01.2018;56,5874
13.01.2018;56,6102
14.01.2018;56,5487
15.01.2018;56,31
16.01.2018;56,4459
17.01.2018;56,865
18.01.2018;56,4937
19.01.2018;56,7099
20.01.2018;56,72149
21.01.2018;56,5925
22.01.2018;56,4604
23.01.2018;56,3472
24.01.2018;56,1836
25.01.2018;55,8807
26.01.2018;56,235
28.01.2018;56,207
29.01.2018;56,2796
30.01.2018;56,3178
31.01.2018;56,1787
01.02.2018;55,9429
02.02.2018;56,56
03.02.2018;56,5161
04.02.2018;56,414
05.02.2018;57,2865
06.02.2018;56,8471
07.02.2018;57,8096
08.02.2018;58,2836
09.02.2018;58,331
10.02.2018;58,331
11.02.2018;58,3177
12.02.2018;57,7513
13.02.2018;57,618
14.02.2018;56,6944
15.02.2018;56,3868
16.02.2018;56,3749
17.02.2018;56,3749
18.02.2018;56,441
19.02.2018;56,3782
20.02.2018;56,5141
21.02.2018;56,7134
22.02.2018;56,465
23.02.2018;56,2722
24.02.2018;56,2722
25.02.2018;56,3226
26.02.2018;55,6288
27.02.2018;56,2192
28.02.2018;56,3206
01.03.2018;56,7868
02.03.2018;56,78
03.03.2018;56,78
04.03.2018;56,953
05.03.2018;56,4128
06.03.2018;56,8376
07.03.2018;56,7877
08.03.2018;57,0826
09.03.2018;56,6227
11.03.2018;56,6535
12.03.2018;56,8664
13.03.2018;57,0439
14.03.2018;56,9377
15.03.2018;57,4118
16.03.2018;57,4856
18.03.2018;57,4605
19.03.2018;57,7288
20.03.2018;57,5033
21.03.2018;56,8357
22.03.2018;57,3104
23.03.2018;57,1984
24.03.2018;57,1984
25.03.2018;57,1165
26.03.2018;57,2153
27.03.2018;57,4056
28.03.2018;57,7187
29.03.2018;57,2542
30.03.2018;57,322
31.03.2018;57,0961
01.04.2018;57,1116
02.04.2018;57,4368
03.04.2018;57,624
04.04.2018;57,669
05.04.2018;57,6325
06.04.2018;57,969
07.04.2018;58,1199
08.04.2018;58,0685
09.04.2018;60,619
10.04.2018;62,9158
11.04.2018;62,4101
12.04.2018;62,0163
13.04.2018;61,9888
15.04.2018;62,015
16.04.2018;61,2228
17.04.2018;61,5147
18.04.2018;60,8357
19.04.2018;60,9542
20.04.2018;61,3518
21.04.2018;61,38735
22.04.2018;61,362
23.04.2018;61,7817
24.04.2018;61,51
25.04.2018;62,4009
26.04.2018;62,6763
27.04.2018;62,0912
29.04.2018;62,3202
30.04.2018;62,9331
01.05.2018;63,398
02.05.2018;63,7515
03.05.2018;62,9507
04.05.2018;62,937
05.05.2018;62,5
06.05.2018;62,4453
07.05.2018;62,8755
08.05.2018;63,4615
09.05.2018;63,0261
10.05.2018;61,7004
11.05.2018;61,88
12.05.2018;61,873
13.05.2018;61,7676
14.05.2018;61,8206
15.05.2018;62,236
16.05.2018;61,6496
17.05.2018;62,1329
18.05.2018;62,2874
19.05.2018;62,2874
20.05.2018;62,3435
21.05.2018;61,5312
22.05.2018;61,198
23.05.2018;61,2855
24.05.2018;61,5265
25.05.2018;62,17
26.05.2018;62,17
27.05.2018;62,1428
28.05.2018;62,2898
29.05.2018;62,8667
30.05.2018;62,097
31.05.2018;62,3044
01.06.2018;62,1712
02.06.2018;62,22775
03.06.2018;62,1503
04.06.2018;62,0209
05.06.2018;62,0716
06.06.2018;61,6766
07.06.2018;62,3415
08.06.2018;62,2954
09.06.2018;62,34413
10.06.2018;62,384
11.06.2018;62,7585
12.06.2018;63,0401
13.06.2018;62,5435
14.06.2018;62,562
15.06.2018;63,1259
17.06.2018;62,9802
18.06.2018;63,3731
19.06.2018;63,8088
20.06.2018;63,5617
21.06.2018;63,8439
22.06.2018;62,94
24.06.2018;62,942
25.06.2018;62,7535
26.06.2018;63,0786
27.06.2018;63,095
28.06.2018;62,8339
29.06.2018;62,7537
30.06.2018;62,7537
01.07.2018;62,939
02.07.2018;63,8054
03.07.2018;63,1165
04.07.2018;63,3301
05.07.2018;63,15
06.07.2018;62,9097
07.07.2018;62,9097
08.07.2018;62,9041
09.07.2018;62,3771
10.07.2018;61,7594
11.07.2018;62,3353
12.07.2018;62,2191
13.07.2018;62,5533
14.07.2018;62,5533
15.07.2018;62,485
16.07.2018;62,312
17.07.2018;62,6197
18.07.2018;62,9991
19.07.2018;63,5814
20.07.2018;63,437
21.07.2018;63,49206
22.07.2018;63,3682
23.07.2018;62,9454
24.07.2018;63,3431
25.07.2018;62,7911
26.07.2018;62,9185
27.07.2018;62,749
29.07.2018;62,6966
30.07.2018;62,2064
31.07.2018;62,2169
01.08.2018;62,9433
02.08.2018;63,2909
03.08.2018;63,307
05.08.2018;63,3053
06.08.2018;63,6854
07.08.2018;63,4822
08.08.2018;65,5624
09.08.2018;66,5632
10.08.2018;67,6559
12.08.2018;67,8152
13.08.2018;67,5916
14.08.2018;66,844
15.08.2018;67,2878
16.08.2018;66,8345
17.08.2018;66,9725
19.08.2018;67,0459
20.08.2018;66,9617
21.08.2018;67,269
22.08.2018;68,022
23.08.2018;68,1992
24.08.2018;67,058
26.08.2018;67,1147
27.08.2018;67,4358
28.08.2018;67,7765
29.08.2018;67,9098
30.08.2018;68,2027
31.08.2018;67,481
01.09.2018;67,481
02.09.2018;67,559
03.09.2018;67,8984
04.09.2018;68,134
05.09.2018;68,149
06.09.2018;69,1458
07.09.2018;69,8766
08.09.2018;69,8766
09.09.2018;69,7028
10.09.2018;70,5373
11.09.2018;69,3749
12.09.2018;68,9081
13.09.2018;68,2389
14.09.2018;68,0022
16.09.2018;68,0058
17.09.2018;68,1304
18.09.2018;67,3347
19.09.2018;66,7902
20.09.2018;66,3362
21.09.2018;66,4686
22.09.2018;66,8183
23.09.2018;66,5627
24.09.2018;65,8713
25.09.2018;65,7345
26.09.2018;65,8125
27.09.2018;65,536
28.09.2018;65,5798
30.09.2018;65,5835
01.10.2018;64,9364
02.10.2018;65,3883
03.10.2018;65,8976
04.10.2018;66,8184
05.10.2018;66,595
06.10.2018;66,62225
07.10.2018;66,5679
08.10.2018;66,6327
09.10.2018;66,2018
10.10.2018;66,9007
11.10.2018;66,2198
12.10.2018;66,03
14.10.2018;65,9577
15.10.2018;65,5399
16.10.2018;65,2879
17.10.2018;65,5136
18.10.2018;65,7835
19.10.2018;65,4624
21.10.2018;65,5168
22.10.2018;65,1675
23.10.2018;65,5151
24.10.2018;65,522
25.10.2018;65,4945
26.10.2018;65,655
27.10.2018;65,655
28.10.2018;65,7811
29.10.2018;65,7789
30.10.2018;65,472
31.10.2018;65,7148
01.11.2018;65,6512
02.11.2018;66,1232
04.11.2018;66,0616
05.11.2018;66,0299
06.11.2018;66,013
07.11.2018;66,1575
08.11.2018;66,8683
09.11.2018;67,885
10.11.2018;67,885
11.11.2018;67,8534
12.11.2018;67,8188
13.11.2018;67,9386
14.11.2018;67,0581
15.11.2018;65,872
16.11.2018;65,9484
17.11.2018;65,9484
18.11.2018;65,9902
19.11.2018;65,5576
20.11.2018;66,0506
21.11.2018;65,6662
22.11.2018;65,5973
23.11.2018;66,1775
24.11.2018;66,22516
25.11.2018;66,5066
26.11.2018;67,0896
27.11.2018;67,0173
28.11.2018;66,9175
29.11.2018;66,0697
30.11.2018;67,0221
01.12.2018;67,11409
02.12.2018;66,7063
03.12.2018;66,5521
04.12.2018;66,81
05.12.2018;66,4882
06.12.2018;66,8123
07.12.2018;66,384
09.12.2018;66,3259
10.12.2018;66,6539
11.12.2018;66,3662
12.12.2018;66,3774
13.12.2018;66,3159
14.12.2018;66,76
16.12.2018;66,6407
17.12.2018;66,6374
18.12.2018;67,3952
19.12.2018;67,412
20.12.2018;68,2475
21.12.2018;68,88
22.12.2018;68,8775
23.12.2018;68,7208
24.12.2018;68,6138
25.12.2018;68,7204
26.12.2018;68,6479
27.12.2018;69,5572
28.12.2018;69,466
30.12.2018;69,5212
31.12.2018;69,174
01.01.2019;68,8925
02.01.2019;69,0258
03.01.2019;68,8591
04.01.2019;67,15
05.01.2019;67,15
06.01.2019;67,566
07.01.2019;66,7483
08.01.2019;66,8865
09.01.2019;66,6527
10.01.2019;66,8672
11.01.2019;66,8597
12.01.2019;66,8597
13.01.2019;66,8522
14.01.2019;66,9854
15.01.2019;67,0135
16.01.2019;66,316
17.01.2019;66,3467
18.01.2019;66,1381
20.01.2019;66,2049
21.01.2019;66,3635
22.01.2019;66,4762
23.01.2019;66,0371
24.01.2019;65,7304
25.01.2019;65,951
26.01.2019;66,0066
27.01.2019;65,7463
28.01.2019;66,2098
29.01.2019;65,9633
30.01.2019;65,4144
31.01.2019;65,3633
01.02.2019;65,43
03.02.2019;65,4518
04.02.2019;65,5413
05.02.2019;65,6071
06.02.2019;65,7775
07.02.2019;65,8937
08.02.2019;65,4233
09.02.2019;65,48788
10.02.2019;65,4003
11.02.2019;65,7703
12.02.2019;65,8301
13.02.2019;66,5158
14.02.2019;66,6229
15.02.2019;66,2523
16.02.2019;66,2523
17.02.2019;66,2053
18.02.2019;66,2027
19.02.2019;65,7657
20.02.2019;65,6299
21.02.2019;65,6499
22.02.2019;65,3388
23.02.2019;65,3738
24.02.2019;65,4045
25.02.2019;65,5679
26.02.2019;65,6481
27.02.2019;65,7258
28.02.2019;65,8256
01.03.2019;65,893
02.03.2019;65,893
03.03.2019;65,8485
04.03.2019;65,699
05.03.2019;65,8244
06.03.2019;65,9591
07.03.2019;66,2889
08.03.2019;66,3451
09.03.2019;66,3376
10.03.2019;66,3847
11.03.2019;65,8661
12.03.2019;65,6186
13.03.2019;65,3621
14.03.2019;65,4781
15.03.2019;64,8154
16.03.2019;64,8154
17.03.2019;64,8255
18.03.2019;64,3656
19.03.2019;64,3652
20.03.2019;63,8357
21.03.2019;63,829
22.03.2019;64,6
23.03.2019;64,6
24.03.2019;64,5363
25.03.2019;64,0107
26.03.2019;64,3478
27.03.2019;64,8506
28.03.2019;64,9437
29.03.2019;65,5789
30.03.2019;65,5789
31.03.2019;65,6372
01.04.2019;65,2332
02.04.2019;65,3516
03.04.2019;65,2178
04.04.2019;65,4279
05.04.2019;65,2314
06.04.2019;65,2314
07.04.2019;65,3984
08.04.2019;64,9092
09.04.2019;64,8975
10.04.2019;64,2742
11.04.2019;64,6037
12.04.2019;64,32
13.04.2019;64,32
14.04.2019;64,3826
15.04.2019;64,3437
16.04.2019;64,052
17.04.2019;63,8894
18.04.2019;63,9321
19.04.2019;64,0121
20.04.2019;64,0121
21.04.2019;64,0231
22.04.2019;63,8195
23.04.2019;63,7047
24.04.2019;64,4221
25.04.2019;64,6444
26.04.2019;64,7995
27.04.2019;64,7995
28.04.2019;64,6665
29.04.2019;64,4665
30.04.2019;64,5919
01.05.2019;64,7591
02.05.2019;65,401
03.05.2019;65,0975
04.05.2019;65,0975
05.05.2019;65,3619
06.05.2019;65,3142
07.05.2019;65,4018
08.05.2019;65,0595
09.05.2019;65,2371
10.05.2019;65,1177
11.05.2019;65,1177
12.05.2019;65,1788
13.05.2019;65,3244
14.05.2019;64,8936
15.05.2019;64,6789
16.05.2019;64,6624
17.05.2019;64,755
18.05.2019;64,755
19.05.2019;64,719
20.05.2019;64,4961
21.05.2019;64,3564
22.05.2019;64,3806
23.05.2019;64,8616
24.05.2019;64,45
25.05.2019;64,45
26.05.2019;64,4709
27.05.2019;64,3759
28.05.2019;64,6688
29.05.2019;64,9558
30.05.2019;65,2489
31.05.2019;65,4756
01.06.2019;65,4756
02.06.2019;65,5902
03.06.2019;65,338
04.06.2019;65,1628
05.06.2019;65,3135
06.06.2019;65,0678
07.06.2019;64,7862
08.06.2019;64,7862
09.06.2019;64,8653
10.06.2019;64,7362
11.06.2019;64,5853
12.06.2019;64,8114
13.06.2019;64,5531
14.06.2019;64,3825
15.06.2019;64,3825
16.06.2019;64,3632
17.06.2019;64,3337
18.06.2019;63,9927
19.06.2019;63,767
20.06.2019;62,9014
21.06.2019;63,1
22.06.2019;63,03
23.06.2019;63,092
24.06.2019;62,5649
25.06.2019;62,901
26.06.2019;63,0406
27.06.2019;63,0924
28.06.2019;63,275
29.06.2019;63,275
30.06.2019;62,9953
01.07.2019;62,9415
02.07.2019;63,3057
03.07.2019;63,3165
04.07.2019;63,4668
05.07.2019;63,7862
06.07.2019;63,7862
07.07.2019;63,7523
08.07.2019;63,6891
09.07.2019;63,8482
10.07.2019;63,151
11.07.2019;62,8307
12.07.2019;63,051
13.07.2019;63,051
14.07.2019;63,1626
15.07.2019;62,6785
16.07.2019;62,9988
17.07.2019;62,9372
18.07.2019;62,8891
19.07.2019;63,0255
20.07.2019;63,0255
21.07.2019;63,011
22.07.2019;63,0361
23.07.2019;63,1975
24.07.2019;63,28
25.07.2019;63,1863
26.07.2019;63,35
27.07.2019;63,35
28.07.2019;63,2122
29.07.2019;63,4492
30.07.2019;63,5258
31.07.2019;63,5996
01.08.2019;64,3349
02.08.2019;65,2736
03.08.2019;65,2736
04.08.2019;65,2615
05.08.2019;65,7549
06.08.2019;65,2909
07.08.2019;65,3767
08.08.2019;65,1122
09.08.2019;65,26
10.08.2019;65,26
11.08.2019;65,3137
12.08.2019;65,4494
13.08.2019;64,9155
14.08.2019;66,0815
15.08.2019;66,0874
16.08.2019;66,6007
17.08.2019;66,6146
18.08.2019;66,3933
19.08.2019;66,903
20.08.2019;66,4544
21.08.2019;65,8013
22.08.2019;65,5645
23.08.2019;66,025
24.08.2019;66,025
25.08.2019;66,2845
26.08.2019;66,1277
27.08.2019;66,4463
28.08.2019;66,7805
29.08.2019;66,5271
30.08.2019;66,7125
31.08.2019;66,7125
01.09.2019;66,773
02.09.2019;66,7918
03.09.2019;66,78
04.09.2019;66,2152
05.09.2019;66,2131
06.09.2019;65,7875
07.09.2019;65,7875
08.09.2019;65,7943
09.09.2019;65,5473
10.09.2019;65,4433
11.09.2019;65,4566
12.09.2019;64,7636
13.09.2019;64,35
14.09.2019;64,35
15.09.2019;63,9333
16.09.2019;63,9955
17.09.2019;64,3231
18.09.2019;64,2338
19.09.2019;64,012
20.09.2019;64,0069
21.09.2019;64,0138
22.09.2019;63,9875
23.09.2019;63,804
24.09.2019;64,0351
25.09.2019;64,1851
26.09.2019;64,2501
27.09.2019;64,6576
28.09.2019;64,6611
29.09.2019;64,6571
30.09.2019;64,8555
01.10.2019;65,2647
02.10.2019;65,2515
03.10.2019;65,1114
04.10.2019;64,6607
05.10.2019;64,6607
06.10.2019;64,6992
07.10.2019;64,9791
08.10.2019;65,1904
09.10.2019;65,0523
10.10.2019;64,428
11.10.2019;64,2024
12.10.2019;64,204
13.10.2019;64,2746
14.10.2019;64,2874
15.10.2019;64,3132
16.10.2019;64,1177
17.10.2019;64,0997
18.10.2019;63,8001
19.10.2019;63,7999
20.10.2019;63,9255
21.10.2019;63,7601
22.10.2019;63,6877
23.10.2019;63,9388
24.10.2019;64,0697
25.10.2019;63,9506
26.10.2019;63,9506
27.10.2019;63,8607
28.10.2019;63,7185
29.10.2019;63,9768
30.10.2019;63,7858
31.10.2019;64,1263
01.11.2019;63,5163
02.11.2019;63,5391
03.11.2019;63,4364
04.11.2019;63,4841
05.11.2019;63,4835
06.11.2019;63,8505
07.11.2019;63,5489
08.11.2019;63,7791
09.11.2019;63,7791
10.11.2019;63,81825
11.11.2019;63,8706
12.11.2019;64,267
13.11.2019;64,3165
14.11.2019;63,9279
15.11.2019;63,7469
16.11.2019;63,748
17.11.2019;63,71685
18.11.2019;63,8829
19.11.2019;63,8736
20.11.2019;63,823
21.11.2019;63,705
22.11.2019;63,8508
23.11.2019;63,8507
24.11.2019;63,8331
25.11.2019;63,9333
26.11.2019;63,9757
27.11.2019;63,9943
28.11.2019;64,0912
29.11.2019;64,3049
30.11.2019;64,3047
01.12.2019;64,3085
02.12.2019;64,2066
03.12.2019;64,1262
04.12.2019;63,8941
05.12.2019;63,7108
06.12.2019;63,6727
07.12.2019;63,6727
08.12.2019;63,64485
09.12.2019;63,5493
10.12.2019;63,5202
11.12.2019;63,339
12.12.2019;62,7098
13.12.2019;62,8433
14.12.2019;62,8431
15.12.2019;62,8795
16.12.2019;62,4775
17.12.2019;62,4438
18.12.2019;62,6478
19.12.2019;62,3569
20.12.2019;62,2371
21.12.2019;62,237
22.12.2019;62,2376
23.12.2019;62,3272
24.12.2019;61,9555
25.12.2019;61,8466
26.12.2019;62,211
27.12.2019;62,0664
28.12.2019;62,0664
29.12.2019;62,0675
30.12.2019;62,0061
31.12.2019;62,0633